{"cameraMode":{"drawMode":0,"name":"Shaded","section":"Shading Mode"},"sceneLighting":true,"audioPlay":false,"sceneViewState":{"showFog":true,"showMaterialUpdate":false,"showSkybox":true,"showFlares":true,"showImageEffects":true,"showParticleSystems":true},"in2DMode":false,"pivot":{"x":16.966325759887697,"y":17.93580436706543,"z":-3.772881507873535},"rotation":{"x":-0.007499170023947954,"y":0.014998995698988438,"z":0.0001125244380091317,"w":0.999859094619751},"size":1.391526222229004,"orthographic":true}