{"cameraMode":{"drawMode":0,"name":"Shaded","section":"Shading Mode"},"sceneLighting":false,"audioPlay":false,"sceneViewState":{"showFog":true,"showMaterialUpdate":false,"showSkybox":false,"showFlares":true,"showImageEffects":true,"showParticleSystems":true},"in2DMode":false,"pivot":{"x":1.6834596395492554,"y":5.733221530914307,"z":-0.18346042931079865},"rotation":{"x":-0.3566656708717346,"y":-0.023265905678272249,"z":0.008873450569808483,"w":-0.9339144229888916},"size":5.714146137237549,"orthographic":false}